Datetime,Water Level (m)
2025-11-15 18:00:00,0.09982703
2025-11-15 19:00:00,-0.38836852
2025-11-15 20:00:00,-0.74326235
2025-11-15 21:00:00,-0.9632089
2025-11-15 22:00:00,-0.99329126
2025-11-15 23:00:00,-0.69644755
2025-11-16 00:00:00,-0.13720092
2025-11-16 01:00:00,0.4203042
2025-11-16 02:00:00,0.8496933
2025-11-16 03:00:00,1.077547
2025-11-16 04:00:00,0.9986944
2025-11-16 05:00:00,0.5541988
2025-11-16 06:00:00,-0.030470211
2025-11-16 07:00:00,-0.53217155
2025-11-16 08:00:00,-0.9201566
2025-11-16 09:00:00,-1.1770172
2025-11-16 10:00:00,-1.2469823
2025-11-16 11:00:00,-0.9435457
2025-11-16 12:00:00,-0.3121193
2025-11-16 13:00:00,0.32125992
2025-11-16 14:00:00,0.8301112
2025-11-16 15:00:00,1.1642377
2025-11-16 16:00:00,1.2408564
2025-11-16 17:00:00,0.98038447
2025-11-16 18:00:00,0.4674878
2025-11-16 19:00:00,-0.08772963
2025-11-16 20:00:00,-0.5392454
2025-11-16 21:00:00,-0.87921834
2025-11-16 22:00:00,-1.0827252
2025-11-16 23:00:00,-1.0630792
2025-11-17 00:00:00,-0.6368432
2025-11-17 01:00:00,0.01086681
2025-11-17 02:00:00,0.5825441
2025-11-17 03:00:00,0.98115444
2025-11-17 04:00:00,1.1345268
2025-11-17 05:00:00,0.9109774
2025-11-17 06:00:00,0.36003232
2025-11-17 07:00:00,-0.22102553
2025-11-17 08:00:00,-0.6917191
2025-11-17 09:00:00,-1.0362524
2025-11-17 10:00:00,-1.262862
2025-11-17 11:00:00,-1.2464231
2025-11-17 12:00:00,-0.7903374
2025-11-17 13:00:00,-0.091099665
2025-11-17 14:00:00,0.55328906
2025-11-17 15:00:00,1.0588717
2025-11-17 16:00:00,1.340777
2025-11-17 17:00:00,1.2064683
2025-11-17 18:00:00,0.9120133
2025-11-17 19:00:00,0.32278997
2025-11-17 20:00:00,-0.24153921
2025-11-17 21:00:00,-0.6761174
2025-11-17 22:00:00,-1.0078664
2025-11-17 23:00:00,-1.181678
2025-11-18 00:00:00,-1.0535655
2025-11-18 01:00:00,-0.48014972
2025-11-18 02:00:00,0.20685925
2025-11-18 03:00:00,0.75987244
2025-11-18 04:00:00,1.0988407
2025-11-18 05:00:00,1.1361432
2025-11-18 06:00:00,0.75879234
2025-11-18 07:00:00,0.14797828
2025-11-18 08:00:00,-0.41756567
2025-11-18 09:00:00,-0.8602214
2025-11-18 10:00:00,-1.183561
2025-11-18 11:00:00,-1.3485727
2025-11-18 12:00:00,-1.1686387
2025-11-18 13:00:00,-0.527524
2025-11-18 14:00:00,0.21989621
2025-11-18 15:00:00,0.85268515
2025-11-18 16:00:00,1.3134527
2025-11-18 17:00:00,1.3889141
2025-11-18 18:00:00,1.1546824
2025-11-18 19:00:00,0.7054349
2025-11-18 20:00:00,0.093578406
2025-11-18 21:00:00,-0.42514133
2025-11-18 22:00:00,-0.8192216
2025-11-18 23:00:00,-1.1106164
2025-11-19 00:00:00,-1.2117369
2025-11-19 01:00:00,-0.9043779
2025-11-19 02:00:00,-0.21603088
2025-11-19 03:00:00,0.46401498
2025-11-19 04:00:00,0.95234597
2025-11-19 05:00:00,1.2165185
2025-11-19 06:00:00,1.0800226
2025-11-19 07:00:00,0.5277692
2025-11-19 08:00:00,-0.11234325
2025-11-19 09:00:00,-0.63291615
2025-11-19 10:00:00,-1.0390865
2025-11-19 11:00:00,-1.3020871
2025-11-19 12:00:00,-1.3561308
2025-11-19 13:00:00,-0.9310867
2025-11-19 14:00:00,-0.18155855
2025-11-19 15:00:00,0.53424275
2025-11-19 16:00:00,1.116285
2025-11-19 17:00:00,1.4329259
2025-11-19 18:00:00,1.376427
2025-11-19 19:00:00,1.0224185
2025-11-19 20:00:00,0.45995766
2025-11-19 21:00:00,-0.13186723
2025-11-19 22:00:00,-0.6027037
2025-11-19 23:00:00,-0.9721754
2025-11-20 00:00:00,-1.2139443
2025-11-20 01:00:00,-1.1904542
2025-11-20 02:00:00,-0.6634009
2025-11-20 03:00:00,0.0874298
2025-11-20 04:00:00,0.71759284
2025-11-20 05:00:00,1.1293298
2025-11-20 06:00:00,1.2163676
2025-11-20 07:00:00,0.84665966
2025-11-20 08:00:00,0.1987805
2025-11-20 09:00:00,-0.39317548
2025-11-20 10:00:00,-0.85409606
2025-11-20 11:00:00,-1.2054254
2025-11-20 12:00:00,-1.3880006
2025-11-20 13:00:00,-1.2559588
2025-11-20 14:00:00,-0.6285631
2025-11-20 15:00:00,0.14848664
2025-11-20 16:00:00,0.82378507
2025-11-20 17:00:00,1.3462287
2025-11-20 18:00:00,1.4725825
2025-11-20 19:00:00,1.2903659
2025-11-20 20:00:00,0.78143203
2025-11-20 21:00:00,0.1754075
2025-11-20 22:00:00,-0.3782551
2025-11-20 23:00:00,-0.8016967
2025-11-21 00:00:00,-1.1275871
2025-11-21 01:00:00,-1.2748471
2025-11-21 02:00:00,-1.0362153
2025-11-21 03:00:00,-0.35423148
2025-11-21 04:00:00,0.3583276
2025-11-21 05:00:00,0.893594
2025-11-21 06:00:00,1.1522976
2025-11-21 07:00:00,1.0368744
2025-11-21 08:00:00,0.49242404
2025-11-21 09:00:00,-0.13572042
2025-11-21 10:00:00,-0.6513375
2025-11-21 11:00:00,-1.0476581
2025-11-21 12:00:00,-1.3130136
2025-11-21 13:00:00,-1.3818089
2025-11-21 14:00:00,-1.0094354
2025-11-21 15:00:00,-0.27887034
2025-11-21 16:00:00,0.45038992
2025-11-21 17:00:00,1.0513467
2025-11-21 18:00:00,1.453848
